Year 2026,Unnamed: 1,Release,Unnamed: 3
January 8 8:30 AM,News,"U.S. International Trade in Goods and Services, October 2025",View
January 14 8:30 AM,News,"U.S. International Transactions, 3rd Quarter 2025",View
January 16 10:00 AM,News,"U.S. International Investment Position, 3rd Quarter 2025",View
January 22 8:30 AM,News,"Gross Domestic Product, 3rd Quarter 2025 (Updated Estimate), GDP by Industry, and Corporate Profits (Revised)",View
January 22 10:00 AM,News,"Personal Income and Outlays, October and November 2025",View
January 23 8:30 AM,News,"Gross Domestic Product by State and Personal Income by State, 3rd Quarter 2025",View
January 29 8:30 AM,News,"U.S. International Trade in Goods and Services, November 2025",View
February 5 8:30 AM,News,"Gross Domestic Product by County and Personal Income by County, 2024",View
February 19 8:30 AM,News,"U.S. International Trade in Goods and Services, December and Annual 2025",View
February 19 8:30 AM,News,"Real Personal Consumption Expenditures by State and Real Personal Income by State, 2024",View
February 20 8:30 AM,News,"GDP (Advance Estimate), 4th Quarter and Year 2025",View
February 20 8:30 AM,News,"Personal Income and Outlays, December 2025",View
March 5 10:00 AM,News,"Outdoor Recreation Economic Statistics, U.S. and States, 2024",View
March 12 8:30 AM,News,"U.S. International Trade in Goods and Services, January 2026",View
March 13 8:30 AM,News,"GDP (Second Estimate), 4th Quarter and Year 2025",View
March 13 8:30 AM,News,"Personal Income and Outlays, January 2026",View
March 25 8:30 AM,News,"U.S. International Transactions and Investment Position, 4th Quarter and Year 2025",View
April 2 8:30 AM,News,"U.S. International Trade in Goods and Services, February 2026",View
April 9 8:30 AM,News,"Personal Income and Outlays, February 2026",View
April 9 8:30 AM,News,"GDP (Third Estimate), Industries, Corporate Profits, State GDP, and State Personal Income, 4th Quarter and Year 2025",View
April 30 8:30 AM,News,"GDP (Advance Estimate), 1st Quarter 2026",
April 30 8:30 AM,News,"Personal Income and Outlays, March 2026",
May 5 8:30 AM,News,"U.S. International Trade in Goods and Services, March 2026",
May 28 8:30 AM,News,"GDP (Second Estimate) and Corporate Profits, 1st Quarter 2026",
May 28 8:30 AM,News,"Personal Income and Outlays, April 2026",
June 9 8:30 AM,News,"U.S. International Trade in Goods and Services, April 2026",
June 9 8:30 AM,News,"U.S. International Trade in Goods and Services, Annual Update",
June 10 8:30 AM,News,"New Foreign Direct Investment in the United States, 2025",
June 24 8:30 AM,News,"U.S. International Transactions and Investment Position, 1st Quarter 2026 and Annual Update",
June 25 8:30 AM,News,"GDP (Third Estimate), Industries, Corporate Profits, State GDP, and State Personal Income, 1st Quarter 2026",
June 25 8:30 AM,News,"Personal Income and Outlays, May 2026",
July 7 8:30 AM,News,"U.S. International Trade in Goods and Services, May 2026",
July 7 10:00 AM,Data,"U.S. Trade in Services, Expanded Detail, 2025",
July 10 8:30 AM,News,"Activities of U.S. Affiliates of Foreign Multinational Enterprises, 2024",
July 21 8:30 AM,News,"Direct Investment by Country and Industry, 2025",
July 30 8:30 AM,News,"GDP (Advance Estimate), 2nd Quarter 2026",
July 30 8:30 AM,News,"Personal Income and Outlays, June 2026",
August 4 8:30 AM,News,"U.S. International Trade in Goods and Services, June 2026",
August 26 8:30 AM,News,"GDP (Second Estimate) and Corporate Profits, 2nd Quarter 2026",
August 26 8:30 AM,News,"Personal Income and Outlays, July 2026",
September 3 8:30 AM,News,"U.S. International Trade in Goods and Services, July 2026",
September 24 8:30 AM,News,"U.S. International Transactions and Investment Position, 2nd Quarter 2026",
September 30 8:30 AM,News,"GDP (Third Estimate), Industries, Corporate Profits, State GDP, and State Personal Income, 2nd Quarter 2026; State PCE, 2025",
September 30 8:30 AM,News,"Personal Income and Outlays, August 2026",
October 6 8:30 AM,News,"U.S. International Trade in Goods and Services, August 2026",
October 6 10:00 AM,Data,"Services Supplied Through Affiliates, 2024",
October 29 8:30 AM,News,"GDP (Advance Estimate), 3rd Quarter 2026",
October 29 8:30 AM,News,"Personal Income and Outlays, September 2026",
November 4 8:30 AM,News,"U.S. International Trade in Goods and Services, September 2026",
November 20 8:30 AM,News,"Activities of U.S. Multinational Enterprises, 2024",
November 25 8:30 AM,News,"GDP (Second Estimate) and Corporate Profits, 3rd Quarter 2026",
November 25 8:30 AM,News,"Personal Income and Outlays, October 2026",
December 2 8:30 AM,News,"GDP by County and Personal Income by County, 2025",
December 8 8:30 AM,News,"U.S. International Trade in Goods and Services, October 2026",
December 10 8:30 AM,News,"Real Personal Consumption Expenditures by State and Real Personal Income by State, 2025",
December 18 8:30 AM,News,"U.S. International Transactions and Investment Position, 3rd Quarter 2026",
December 23 8:30 AM,News,"GDP (Third Estimate), Industries, Corporate Profits, State GDP, and State Personal Income, 3rd Quarter 2026",
December 23 8:30 AM,News,"Personal Income and Outlays, November 2026",
To Be Announced Spring 2026,Data,"Trade in Value Added, 2024",
To Be Announced April 2026,Data,"Integrated Industry-Level Production Account, 2024",
To Be Announced 2026,News,"Outdoor Recreation Economic Statistics, U.S. and States, 2025",
